item_id	max_reinforce	kind
1000000	10	weapon
1010000	10	weapon
1040000	5	weapon
1050000	10	weapon
1060000	10	weapon
1070000	10	weapon
1100000	10	weapon
1110000	10	weapon
1130000	5	weapon
1140000	5	weapon
1150000	5	weapon
1160000	10	weapon
1200000	10	weapon
1210000	10	weapon
1220000	10	weapon
1230000	10	weapon
1240000	10	weapon
1250000	5	weapon
1260000	10	weapon
1270000	10	weapon
1280000	5	weapon
1290000	5	weapon
1320000	10	weapon
1330000	5	weapon
1350000	5	weapon
1360000	10	weapon
1370000	10	weapon
1380000	10	weapon
1390000	5	weapon
1400000	10	weapon
1410000	10	weapon
1420000	5	weapon
1430000	5	weapon
1440000	10	weapon
1500000	10	weapon
1520000	5	weapon
1530000	10	weapon
1580000	5	weapon
1600000	10	weapon
1610000	10	weapon
1620000	5	weapon
1630000	5	weapon
1640000	10	weapon
1650000	10	weapon
1660000	5	weapon
1670000	5	weapon
1680000	10	weapon
1690000	10	weapon
1700000	10	weapon
1710000	10	weapon
1720000	5	weapon
1730000	10	weapon
1740000	5	weapon
1760000	10	weapon
1770000	5	weapon
1790000	5	weapon
1800000	10	weapon
1810000	10	weapon
1820000	10	weapon
1830000	5	weapon
1831000	5	weapon
1850000	5	weapon
1860000	5	weapon
1870000	10	weapon
1871000	5	weapon
1880000	10	weapon
1900000	5	weapon
1910000	10	weapon
1911000	10	weapon
1920000	5	weapon
1930000	5	weapon
1940000	10	weapon
1950000	10	weapon
1960000	5	weapon
1970000	5	weapon
1980000	0	weapon
1990000	5	weapon
1995000	5	weapon
1996000	5	weapon
1997000	5	weapon
2000000	10	weapon
2010000	10	weapon
2020000	10	weapon
2030000	10	weapon
2070000	10	weapon
2080000	5	weapon
2090000	5	weapon
2100000	10	weapon
2200000	5	weapon
2210000	10	weapon
2220000	10	weapon
2240000	10	weapon
2250000	5	weapon
2260000	10	weapon
2290000	5	weapon
2300000	5	weapon
2310000	10	weapon
2400000	10	weapon
2410000	10	weapon
2420000	10	weapon
2430000	10	weapon
2440000	5	weapon
2470000	10	weapon
2500000	10	weapon
2520000	10	weapon
2530000	5	weapon
2540000	10	weapon
2560000	5	weapon
2600000	10	weapon
2610000	10	weapon
2620000	10	weapon
2630000	10	weapon
2660000	5	weapon
2670000	10	weapon
2680000	5	weapon
2690000	10	weapon
2700000	5	weapon
2710000	5	weapon
2720000	10	weapon
2730000	10	weapon
2740000	10	weapon
2750000	5	weapon
2760000	10	weapon
2800000	10	weapon
2810000	10	weapon
2820000	10	weapon
2830000	10	weapon
2840000	10	weapon
2850000	5	weapon
2855000	5	weapon
2860000	10	weapon
2870000	10	weapon
2880000	5	weapon
2890000	10	weapon
2895000	5	weapon
2896000	5	weapon
2900000	5	weapon
2920000	10	weapon
2930000	10	weapon
2940000	5	weapon
2950000	10	weapon
2960000	10	weapon
3000000	10	weapon
3010000	10	weapon
3020000	10	weapon
3040000	10	weapon
3050000	5	weapon
3060000	5	weapon
3070000	5	weapon
3080000	5	weapon
3200000	10	weapon
3210000	10	weapon
3220000	10	weapon
3240000	5	weapon
3250000	5	weapon
3251000	5	weapon
3270000	10	weapon
3280000	5	weapon
3290000	5	weapon
3300000	5	weapon
3310000	10	weapon
3320000	5	weapon
3330000	10	weapon
3340000	10	weapon
3350000	10	weapon
3370000	5	weapon
3410000	10	weapon
3420000	10	weapon
3430000	10	weapon
3440000	10	weapon
3500000	10	weapon
3530000	5	weapon
3600000	10	weapon
3610000	10	weapon
3620000	10	weapon
3630000	5	weapon
3660000	5	weapon
3800000	10	weapon
3810000	10	weapon
3820000	10	weapon
3830000	10	weapon
3850000	5	weapon
3860000	10	weapon
3870000	10	weapon
3880000	10	weapon
3890000	5	weapon
3900000	5	weapon
3910000	10	weapon
3930000	5	weapon
3940000	10	weapon
4010000	10	weapon
4020000	10	weapon
4030000	10	weapon
4040000	5	weapon
4050000	5	weapon
4060000	10	weapon
4080000	5	weapon
4090000	10	weapon
4100000	10	weapon
4110000	10	weapon
4120000	5	weapon
4150000	10	weapon
4200000	10	weapon
4210000	10	weapon
4220000	10	weapon
4230000	10	weapon
4240000	5	weapon
4270000	10	weapon
4280000	5	weapon
4290000	10	weapon
4400000	10	weapon
4420000	5	weapon
4430000	10	weapon
4440000	5	weapon
4600000	10	weapon
4610000	10	weapon
4630000	5	weapon
4660000	10	weapon
4670000	10	weapon
4680000	10	weapon
5000000	10	weapon
5010000	5	weapon
5040000	5	weapon
5050000	5	weapon
5200000	10	weapon
5210000	10	weapon
5220000	5	weapon
5225000	5	weapon
5230000	5	weapon
5240000	5	weapon
5250000	5	weapon
5255000	5	weapon
5270000	5	weapon
5275000	10	weapon
5280000	5	weapon
5285000	10	weapon
5290000	5	weapon
5295000	5	weapon
5310000	10	weapon
5330000	5	weapon
5340000	10	weapon
5350000	10	weapon
5360000	5	weapon
5370000	10	weapon
5400000	10	weapon
5410000	10	weapon
5500000	10	weapon
5510000	10	weapon
5520000	10	weapon
5530000	10	weapon
5540000	10	weapon
5600000	10	weapon
5610000	10	weapon
5620000	10	weapon
5630000	10	weapon
5640000	10	weapon
5650000	10	weapon
5660000	10	weapon
6100000	0	weapon
11000000	10	weapon
11005000	10	weapon
11010000	10	weapon
11020000	10	weapon
11030000	10	weapon
11040000	10	weapon
11050000	10	weapon
11070000	10	weapon
11080000	5	weapon
11091000	10	weapon
11110000	10	weapon
11120000	10	weapon
11130000	10	weapon
11140000	5	weapon
11150000	10	weapon
11160000	10	weapon
11185000	5	weapon
11200000	10	weapon
11210000	10	weapon
11220000	10	weapon
11230000	5	weapon
11240000	10	weapon
11250000	10	weapon
11260000	5	weapon
11270000	10	weapon
11280000	10	weapon
11290000	5	weapon
11295000	5	weapon
11300000	10	weapon
11310000	10	weapon
11320000	10	weapon
11330000	10	weapon
11350000	10	weapon
11360000	10	weapon
11370000	5	weapon
11380000	10	weapon
11390000	10	weapon
11395000	5	weapon
11400000	10	weapon
11420000	10	weapon
11430000	10	weapon
11450000	5	weapon
11455000	10	weapon
11470000	10	weapon
11475000	5	weapon
11480000	5	weapon
11485000	10	weapon
11490000	10	weapon
11495000	10	weapon
11500000	10	weapon
11510000	10	weapon
11530000	5	weapon
11540000	5	weapon
11550000	5	weapon
11560000	5	weapon
11570000	10	weapon
11590000	5	weapon
11600000	10	weapon
11610000	5	weapon
11620000	10	weapon
11630000	10	weapon
11640000	10	weapon
11650000	10	weapon
11700000	10	weapon
11710000	10	weapon
11720000	10	weapon
11730000	10	weapon
11740000	10	weapon
11750000	10	weapon
11800000	10	weapon
11810000	10	weapon
11820000	10	weapon
11830000	10	weapon
11840000	10	weapon
21010100	10	armor
21010101	10	armor
21010102	10	armor
21010103	10	armor
21020100	10	armor
21020101	10	armor
21020102	10	armor
21020103	10	armor
21030100	10	armor
21030101	10	armor
21030102	10	armor
21030103	10	armor
21040100	10	armor
21040101	10	armor
21040102	10	armor
21040103	10	armor
21050100	10	armor
21050101	10	armor
21050102	10	armor
21050103	10	armor
21060100	10	armor
21060101	10	armor
21060102	10	armor
21060103	10	armor
21070100	10	armor
21070101	10	armor
21070102	10	armor
21070103	10	armor
21080100	10	armor
21080101	10	armor
21080102	10	armor
21080103	10	armor
21100100	10	armor
21100101	10	armor
21100102	10	armor
21100103	10	armor
21140100	10	armor
21140101	10	armor
21140102	10	armor
21140103	10	armor
21160100	5	armor
21160101	5	armor
21160102	5	armor
21160103	5	armor
21210100	10	armor
21210101	10	armor
21210102	10	armor
21210103	10	armor
21230100	10	armor
21230101	10	armor
21230102	10	armor
21230103	10	armor
21320100	10	armor
21320101	10	armor
21320102	10	armor
21320103	10	armor
21330100	0	armor
21330101	0	armor
21330102	0	armor
21330103	0	armor
21340100	5	armor
21340101	5	armor
21340102	5	armor
21340103	5	armor
21350100	5	armor
21350101	5	armor
21350102	5	armor
21350103	5	armor
21360100	5	armor
21360101	5	armor
21360102	5	armor
21360103	5	armor
21361100	5	armor
21361101	5	armor
21361102	5	armor
21361103	5	armor
21370100	5	armor
21370101	5	armor
21370102	5	armor
21370103	5	armor
21390100	10	armor
21390101	10	armor
21390102	10	armor
21390103	10	armor
21430100	5	armor
21440102	5	armor
21460103	5	armor
21470100	5	armor
21470101	5	armor
21470102	5	armor
21470103	5	armor
21480100	5	armor
21480101	5	armor
21480102	5	armor
21480103	5	armor
21490100	10	armor
21490101	10	armor
21490102	10	armor
21490103	10	armor
21500100	5	armor
21500101	5	armor
21500102	5	armor
21500103	5	armor
21501100	5	armor
21502100	5	armor
21600100	10	armor
21600101	10	armor
21600102	10	armor
21600103	10	armor
21610100	10	armor
21610101	10	armor
21610102	10	armor
21610103	10	armor
21630100	5	armor
21640100	5	armor
21650100	5	armor
21660100	10	armor
21670100	10	armor
21680100	10	armor
21690103	10	armor
21700100	10	armor
21710100	10	armor
22020100	10	armor
22020101	10	armor
22020102	10	armor
22020103	10	armor
22021100	10	armor
22021101	10	armor
22021102	10	armor
22021103	10	armor
22030100	10	armor
22030101	10	armor
22030102	10	armor
22030103	10	armor
22031100	10	armor
22031101	10	armor
22031102	10	armor
22031103	10	armor
22060100	10	armor
22060101	10	armor
22060102	10	armor
22060103	10	armor
22062100	10	armor
22062101	10	armor
22062102	10	armor
22062103	10	armor
22080100	10	armor
22080101	10	armor
22080102	10	armor
22080103	10	armor
22110100	10	armor
22110101	10	armor
22110102	10	armor
22110103	10	armor
22130100	10	armor
22130101	10	armor
22130102	10	armor
22130103	10	armor
22180100	10	armor
22180101	10	armor
22182100	10	armor
22182101	10	armor
22190101	10	armor
22190102	10	armor
22190103	10	armor
22220100	10	armor
22220101	10	armor
22220102	10	armor
22220103	10	armor
22230100	10	armor
22230101	10	armor
22230102	10	armor
22230103	10	armor
22240100	10	armor
22240101	10	armor
22240102	10	armor
22240103	10	armor
22270100	10	armor
22270101	10	armor
22270102	10	armor
22270103	10	armor
22271100	10	armor
22271101	10	armor
22310100	10	armor
22310101	10	armor
22310102	10	armor
22310103	10	armor
22340100	10	armor
22340101	10	armor
22340102	10	armor
22340103	10	armor
22350100	10	armor
22350101	10	armor
22350102	10	armor
22350103	10	armor
22351100	10	armor
22360100	5	armor
22360101	5	armor
22360102	5	armor
22360103	5	armor
22370100	10	armor
22460100	10	armor
22460101	10	armor
22460102	10	armor
22460103	10	armor
22480100	10	armor
22480101	10	armor
22480102	10	armor
22480103	10	armor
22510100	10	armor
22510101	10	armor
22510102	10	armor
22510103	10	armor
22512100	10	armor
22512101	10	armor
22512102	10	armor
22512103	10	armor
22520100	10	armor
22520101	10	armor
22520102	10	armor
22520103	10	armor
22530100	10	armor
22530101	10	armor
22530102	10	armor
22530103	10	armor
22540100	5	armor
22540101	5	armor
22540102	5	armor
22540103	5	armor
23010100	10	armor
23010101	10	armor
23010102	10	armor
23010103	10	armor
23011100	10	armor
23040101	5	armor
23050100	5	armor
23050101	5	armor
23050102	5	armor
23050103	5	armor
23060100	10	armor
23060101	10	armor
23061100	10	armor
23061101	10	armor
23061102	10	armor
23061103	10	armor
23070100	5	armor
23070101	5	armor
23070102	5	armor
23070103	5	armor
23080101	10	armor
23080102	10	armor
23080103	10	armor
23081100	10	armor
23081101	10	armor
23120100	10	armor
23120101	10	armor
23120102	10	armor
23120103	10	armor
23130100	10	armor
23130101	10	armor
23130102	10	armor
23130103	10	armor
23140100	10	armor
23140101	10	armor
23140102	10	armor
23140103	10	armor
23150100	10	armor
23150101	10	armor
23150102	10	armor
23150103	10	armor
23160100	10	armor
23160101	10	armor
23160102	10	armor
23160103	10	armor
23170100	10	armor
23170101	10	armor
23170102	10	armor
23170103	10	armor
23171100	10	armor
23250100	5	armor
23250101	5	armor
23250102	5	armor
23250103	5	armor
23300100	10	armor
23300101	10	armor
23300102	10	armor
23300103	10	armor
23310100	10	armor
23310101	10	armor
23310102	10	armor
23310103	10	armor
23320100	5	armor
23320101	5	armor
23320102	5	armor
23320103	5	armor
23330100	5	armor
23330101	5	armor
23330102	5	armor
23330103	5	armor
23340100	5	armor
23340101	5	armor
23340102	5	armor
23340103	5	armor
25040100	5	armor
25040101	5	armor
25040102	5	armor
25040103	5	armor
25060101	5	armor
25060102	5	armor
25060103	5	armor
25090100	5	armor
25090101	5	armor
25100100	10	armor
25100101	10	armor
25100102	10	armor
25100103	10	armor
25110100	10	armor
25110101	10	armor
25110102	10	armor
25110103	10	armor
25120100	10	armor
25120101	10	armor
25120102	10	armor
25130100	5	armor
25130101	5	armor
25130102	5	armor
25130103	5	armor
26100100	5	armor
26100101	5	armor
26100102	5	armor
26100103	5	armor
26180100	5	armor
26180101	5	armor
26180102	5	armor
26180103	5	armor
26260100	5	armor
26260101	5	armor
26260102	5	armor
26260103	5	armor
26510100	10	armor
26510101	10	armor
26510102	10	armor
26510103	10	armor
26590100	5	armor
26590101	5	armor
26590102	5	armor
26590103	5	armor
26650100	5	armor
26650101	5	armor
26650102	5	armor
26650103	5	armor
26660102	10	armor
26700100	10	armor
26750100	5	armor
26750101	5	armor
26750102	5	armor
26750103	5	armor
26770101	10	armor
26800100	5	armor
26800101	5	armor
26800102	5	armor
26800103	5	armor
26880100	5	armor
26880101	5	armor
26880102	5	armor
26880103	5	armor
26890100	5	armor
26890101	5	armor
26890102	5	armor
26890103	5	armor
26900100	5	armor
26900101	5	armor
26900102	5	armor
26900103	5	armor
26940100	5	armor
26940101	5	armor
26940102	5	armor
26940103	5	armor
27210101	5	armor
27210102	5	armor
27210103	5	armor
27240100	5	armor
27240101	5	armor
27240102	5	armor
27240103	5	armor
27420100	10	armor
27420101	10	armor
27420102	10	armor
27420103	10	armor
27430100	10	armor
27430101	10	armor
27430102	10	armor
27430103	10	armor
27440100	10	armor
27440101	10	armor
27440102	10	armor
27440103	10	armor
27510100	10	armor
27510101	10	armor
27510103	10	armor
27520100	10	armor
27520101	10	armor
27520102	10	armor
27520103	10	armor
27521100	10	armor
27530100	10	armor
27530101	10	armor
27530102	10	armor
27530103	10	armor
27550100	5	armor
27550101	5	armor
27550102	5	armor
27550103	5	armor
27680100	5	armor
27680101	5	armor
27680102	5	armor
27680103	5	armor
27690100	5	armor
27690101	5	armor
27690102	5	armor
27690103	5	armor
27700100	5	armor
27700101	5	armor
27700102	5	armor
27700103	5	armor
27710100	5	armor
27710101	5	armor
27710102	5	armor
27710103	5	armor
27830100	10	armor
27830101	10	armor
27950100	10	armor
27950101	10	armor
27950102	10	armor
27950103	10	armor
