# Items whose inventory icon is another item's: the item id, then the id its icon is
# filed under (`/menu/tex/icon/ic_<id>.tpf` in GameDataEbl). ItemParam field 0 out of
# enc_regulation.bnd.dcx, written by `scripts/ds2-item-icons.py table`, which checked that
# every named id has an icon and no item here has one of its own. Every other item's icon
# is filed under its own id.
1831000	1830000
1911000	1910000
40010001	40010000
40010002	40010000
40010003	40010000
40020001	40020000
40020002	40020000
40030001	40030000
40030002	40030000
40040001	40040000
40040002	40040000
40050001	40050000
40050002	40050000
40060001	40060000
40060002	40060000
40060003	40060000
40070001	40070000
40070002	40070000
40070003	40070000
40080001	40080000
40080002	40080000
40080003	40080000
40090001	40090000
40090002	40090000
40090003	40090000
40100001	40100000
40110001	40110000
40120001	40120000
40120002	40120000
40140001	40140000
40150001	40150000
40160001	40160000
40160002	40160000
40290001	40290000
40290002	40290000
40320001	40320000
40320002	40320000
40330001	40330000
40330002	40330000
40340001	40340000
40340002	40340000
40350001	40350000
40350002	40350000
40360001	40360000
40360002	40360000
40370001	40370000
40370002	40370000
40390001	40390000
40390002	40390000
40530001	40530000
40530002	40530000
53300000	64250000
60405010	60405000
60406010	60406000
64010000	64000000
64020000	64000000
64030000	64000000
64040000	64000000
64050000	64000000
64070000	64000000
64080000	64000000
64090000	64000000
64100000	64000000
64110000	64000000
64130000	64000000
64150000	64000000
64160000	64000000
64170000	64000000
64180000	64000000
64190000	64000000
64210000	64060000
64220000	64000000
64240000	64060000
64260000	64200000
64270000	64200000
64280000	64000000
64290000	64000000
64500000	64000000
64510000	64200000
64520000	64000000
64530000	64250000
64540000	64250000
64550000	64250000
64560000	64000000
64580000	64060000
64590000	64000000
64600000	64000000
64610000	64000000
65240000	60240000
65250000	60250000
65260000	60260000
65270000	60270000
65280000	60280000
65290000	60290000
